"Subgroup","Count","Percentage"
"1",7422,7.19381227464816
"2",2188,2.12073043073702
"3",9262,8.97724188733377
"4",12861,12.4655914395379
"5",4736,4.59039274221688
"6",66703,64.6522312255263
